Workbook

Sheet Campaign Data
A1: Campaign_Name | B1: Start_Date | C1: End_Date | D1: Objective | E1: Total_Budget | F1: Target_Platforms
A2: EndOfSeasonSale | B2: 45453 | C2: 45478 | D2: Seasonal Clearance Promotion | E2: 180000 | F2: Instagram,Facebook
A3: FashionUpgrade | B3: 45505 | C3: 45535 | D3: Customer Engagement | E3: 160000 | F3: Instagram,YouTube
A4: MyntraFestiveEdit | B4: 45570 | C4: 45601 | D4: Festive Collection Launch | E4: 220000 | F4: Facebook,Instagram
A5: StyleRevolution | B5: 45667 | C5: 45698 | D5: Brand Awareness & Growth | E5: 200000 | F5: Instagram,Twitter

Sheet Post
A1: Post ID | B1: Platform | C1: Date | D1: Content Type | E1: Post Text | F1: Likes | G1: Shares | H1: Comments | I1: Engagement | J1: Engagement Average | K1: Impressions | L1: Reach | M1: Clicks | N1: Hashtags Used | O1: Hashtags Used 2 | P1: Campaign_Name | Q1: Ad_Spend | R1: Net_Growth | S1: ROI | T1: Campaign_Name | U1: during campign | V1: Before campign | W1: uplift
A2: P001 | B2: Twitter | C2: 45649 | D2: Reel | E2: Explore the latest reel on Myntra! Trendy styles await. | F2: 1461 | G2: 184 | H2: 344 | I2: =SUM(F2+G2+H2) -> 1989 | J2: =(F2+G2+H2)/K2 -> 0.090759754 | K2: 21915 | L2: 21675 | M2: 15 | N2: #MyntraSale | P2: FashionUpgrade | Q2: 5904 | R2: 1047 | S2: =I2/Q2 -> 0.33689024 | T2: EndOfSeasonSale | U2: 20185 | V2: 18337 | W2: =SUM(U2-V2)/V2 -> 0.10077984
A3: P002 | B3: Twitter | C3: 45750 | D3: Text | E3: Explore the latest text on Myntra! Trendy styles await. | F3: 4054 | G3: 389 | H3: 493 | I3: =SUM(F3+G3+H3) -> 4936 | J3: =(F3+G3+H3)/K3 -> 0.076097681 | K3: 64864 | L3: 64383 | M3: 117 | N3: #MyntraFashion | P3: EndOfSeasonSale | Q3: 9566 | R3: 1002 | S3: =I3/Q3 -> 0.51599415 | T3: FashionUpgrade | U3: 29029 | V3: 67773 | W3: =SUM(U3-V3)/V3 -> -0.57167309
A4: P003 | B4: YouTube | C4: 45789 | D4: Reel | E4: Explore the latest reel on Myntra! Trendy styles await. | F4: 2795 | G4: 105 | H4: 49 | I4: =SUM(F4+G4+H4) -> 2949 | J4: =(F4+G4+H4)/K4 -> 0.055531494 | K4: 53105 | L4: 52307 | M4: 204 | N4: #MyntraFashion | O4: #MyntraSale | P4: FashionUpgrade | Q4: 26752 | R4: 415 | S4: =I4/Q4 -> 0.11023475 | T4: MyntraFestiveEdit | U4: 25499 | V4: 95022 | W4: =SUM(U4-V4)/V4 -> -0.73165162
A5: P004 | B5: Instagram | C5: 45516 | D5: Story | E5: Explore the latest story on Myntra! Trendy styles await. | F5: 2404 | G5: 363 | H5: 138 | I5: =SUM(F5+G5+H5) -> 2905 | J5: =(F5+G5+H5)/K5 -> 0.15105033 | K5: 19232 | L5: 18636 | M5: 128 | N5: #MyntraSale | P5: FashionUpgrade | Q5: 30671 | R5: 1090 | S5: =I5/Q5 -> 0.094714877 | T5: StyleRevolution | U5: 16716 | V5: 133833 | W5: =SUM(U5-V5)/V5 -> -0.87509807
A6: P005 | B6: YouTube | C6: 45469 | D6: Reel | E6: Explore the latest reel on Myntra! Trendy styles await. | F6: 3557 | G6: 687 | H6: 424 | I6: =SUM(F6+G6+H6) -> 4668 | J6: =(F6+G6+H6)/K6 -> 0.065617093 | K6: 71140 | L6: 70701 | M6: 224 | N6: #StyleWithMyntra | O6: #MyntraFashion | P6: MyntraFestiveEdit | Q6: 9920 | R6: 517 | S6: =I6/Q6 -> 0.47056452
A7: P006 | B7: Facebook | C7: 45596 | D7: Carousel | E7: Explore the latest carousel on Myntra! Trendy styles await. | F7: 2945 | G7: 930 | H7: 355 | I7: =SUM(F7+G7+H7) -> 4230 | J7: =(F7+G7+H7)/K7 -> 0.1795416 | K7: 23560 | L7: 23275 | M7: 256 | N7: #MyntraTrend | P7: EndOfSeasonSale | Q7: 7924 | R7: 1283 | S7: =I7/Q7 -> 0.5338213
A8: P007 | B8: Twitter | C8: 45467 | D8: Carousel | E8: Explore the latest carousel on Myntra! Trendy styles await. | F8: 3860 | G8: 201 | H8: 279 | I8: =SUM(F8+G8+H8) -> 4340 | J8: =(F8+G8+H8)/K8 -> 0.070272021 | K8: 61760 | L8: 61660 | M8: 235 | N8: #MyntraTrend | P8: MyntraFestiveEdit | Q8: 8912 | R8: 186 | S8: =I8/Q8 -> 0.48698384
A9: P008 | B9: YouTube | C9: 45486 | D9: Image | E9: Explore the latest image on Myntra! Trendy styles await. | F9: 3929 | G9: 262 | H9: 278 | I9: =SUM(F9+G9+H9) -> 4469 | J9: =(F9+G9+H9)/K9 -> 0.1034036 | K9: 43219 | L9: 42841 | M9: 39 | N9: #MyntraFashion | O9: #MyntraSale | P9: MyntraFestiveEdit | Q9: 21205 | R9: 994 | S9: =I9/Q9 -> 0.21075218
A10: P009 | B10: Facebook | C10: 45534 | D10: Text | E10: Explore the latest text on Myntra! Trendy styles await. | F10: 3784 | G10: 808 | H10: 404 | I10: =SUM(F10+G10+H10) -> 4996 | J10: =(F10+G10+H10)/K10 -> 0.088019732 | K10: 56760 | L10: 56343 | M10: 131 | N10: #MyntraFashion | O10: #MyntraSale | P10: MyntraFestiveEdit | Q10: 11329 | R10: 893 | S10: =I10/Q10 -> 0.44099214
A11: P010 | B11: Facebook | C11: 45727 | D11: Image | E11: Explore the latest image on Myntra! Trendy styles await. | F11: 4241 | G11: 902 | H11: 47 | I11: =SUM(F11+G11+H11) -> 5190 | J11: =(F11+G11+H11)/K11 -> 0.071986352 | K11: 72097 | L11: 71598 | M11: 167 | N11: #MyntraTrend | P11: StyleRevolution | Q11: 46670 | R11: 1382 | S11: =I11/Q11 -> 0.11120634 | AA11: Total & Average Impressions, Likes, Clicks per Campaign.
A12: P011 | B12: Instagram | C12: 45690 | D12: Story | E12: Explore the latest story on Myntra! Trendy styles await. | F12: 1792 | G12: 614 | H12: 497 | I12: =SUM(F12+G12+H12) -> 2903 | J12: =(F12+G12+H12)/K12 -> 0.11571269 | K12: 25088 | L12: 24675 | M12: 65 | N12: #StyleWithMyntra | P12: FashionUpgrade | Q12: 22482 | R12: 1295 | S12: =I12/Q12 -> 0.12912552
A13: P012 | B13: Facebook | C13: 45494 | D13: Reel | E13: Explore the latest reel on Myntra! Trendy styles await. | F13: 1946 | G13: 686 | H13: 377 | I13: =SUM(F13+G13+H13) -> 3009 | J13: =(F13+G13+H13)/K13 -> 0.12885406 | K13: 23352 | L13: 22982 | M13: 213 | N13: #StyleWithMyntra | O13: #MyntraSale | P13: MyntraFestiveEdit | Q13: 24313 | R13: 337 | S13: =I13/Q13 -> 0.12376095
A14: P013 | B14: YouTube | C14: 45614 | D14: Carousel | E14: Explore the latest carousel on Myntra! Trendy styles await. | F14: 1171 | G14: 286 | H14: 231 | I14: =SUM(F14+G14+H14) -> 1688 | J14: =(F14+G14+H14)/K14 -> 0.075868578 | K14: 22249 | L14: 21282 | M14: 114 | N14: #MyntraFashion | P14: StyleRevolution | Q14: 18050 | R14: 629 | S14: =I14/Q14 -> 0.093518006
A15: P014 | B15: Facebook | C15: 45704 | D15: Story | E15: Explore the latest story on Myntra! Trendy styles await. | F15: 4242 | G15: 555 | H15: 131 | I15: =SUM(F15+G15+H15) -> 4928 | J15: =(F15+G15+H15)/K15 -> 0.14521452 | K15: 33936 | L15: 33802 | M15: 265 | N15: #MyntraSale | O15: #MyntraFashion | P15: MyntraFestiveEdit | Q15: 30635 | R15: 1670 | S15: =I15/Q15 -> 0.16086176
A16: P015 | B16: Facebook | C16: 45589 | D16: Video | E16: Explore the latest video on Myntra! Trendy styles await. | F16: 3888 | G16: 604 | H16: 128 | I16: =SUM(F16+G16+H16) -> 4620 | J16: =(F16+G16+H16)/K16 -> 0.05941358 | K16: 77760 | L16: 77167 | M16: 20 | N16: #MyntraFashion | O16: #FashionDeals | P16: FashionUpgrade | Q16: 31280 | R16: 835 | S16: =I16/Q16 -> 0.14769821
A17: P016 | B17: Facebook | C17: 45530 | D17: Text | E17: Explore the latest text on Myntra! Trendy styles await. | F17: 3452 | G17: 377 | H17: 360 | I17: =SUM(F17+G17+H17) -> 4189 | J17: =(F17+G17+H17)/K17 -> 0.075843714 | K17: 55232 | L17: 55075 | M17: 87 | N17: #MyntraSale | O17: #FashionDeals | P17: MyntraFestiveEdit | Q17: 1783 | R17: -123 | S17: =I17/Q17 -> 2.3494111
A18: P017 | B18: Facebook | C18: 45782 | D18: Text | E18: Explore the latest text on Myntra! Trendy styles await. | F18: 4441 | G18: 511 | H18: 70 | I18: =SUM(F18+G18+H18) -> 5022 | J18: =(F18+G18+H18)/K18 -> 0.094235533 | K18: 53292 | L18: 53082 | M18: 159 | N18: #FashionDeals | P18: MyntraFestiveEdit | Q18: 9566 | R18: -219 | S18: =I18/Q18 -> 0.52498432
A19: P018 | B19: Instagram | C19: 45523 | D19: Reel | E19: Explore the latest reel on Myntra! Trendy styles await. | F19: 3000 | G19: 382 | H19: 325 | I19: =SUM(F19+G19+H19) -> 3707 | J19: =(F19+G19+H19)/K19 -> 0.10297222 | K19: 36000 | L19: 35819 | M19: 19 | N19: #StyleWithMyntra | P19: EndOfSeasonSale | Q19: 42307 | R19: 64 | S19: =I19/Q19 -> 0.087621434
A20: P019 | B20: Instagram | C20: 45466 | D20: Video | E20: Explore the latest video on Myntra! Trendy styles await. | F20: 1071 | G20: 519 | H20: 22 | I20: =SUM(F20+G20+H20) -> 1612 | J20: =(F20+G20+H20)/K20 -> 0.10034236 | K20: 16065 | L20: 15865 | M20: 103 | N20: #MyntraSale | O20: #StyleWithMyntra | P20: MyntraFestiveEdit | Q20: 5914 | R20: 1357 | S20: =I20/Q20 -> 0.27257355
A21: P020 | B21: Instagram | C21: 45544 | D21: Carousel | E21: Explore the latest carousel on Myntra! Trendy styles await. | F21: 4054 | G21: 488 | H21: 373 | I21: =SUM(F21+G21+H21) -> 4915 | J21: =(F21+G21+H21)/K21 -> 0.063809623 | K21: 77026 | L21: 76881 | M21: 25 | N21: #MyntraFashion | O21: #MyntraSale | P21: MyntraFestiveEdit | Q21: 30060 | R21: 91 | S21: =I21/Q21 -> 0.16350632
A22: P021 | B22: Instagram | C22: 45661 | D22: Reel | E22: Explore the latest reel on Myntra! Trendy styles await. | F22: 4838 | G22: 640 | H22: 128 | I22: =SUM(F22+G22+H22) -> 5606 | J22: =(F22+G22+H22)/K22 -> 0.077249552 | K22: 72570 | L22: 72396 | M22: 83 | N22: #StyleWithMyntra | O22: #MyntraTrend | P22: MyntraFestiveEdit | Q22: 22728 | R22: 1672 | S22: =I22/Q22 -> 0.24665611
A23: P022 | B23: Facebook | C23: 45715 | D23: Text | E23: Explore the latest text on Myntra! Trendy styles await. | F23: 1570 | G23: 187 | H23: 260 | I23: =SUM(F23+G23+H23) -> 2017 | J23: =(F23+G23+H23)/K23 -> 0.080294586 | K23: 25120 | L23: 24613 | M23: 133 | N23: #MyntraSale | P23: StyleRevolution | Q23: 38610 | R23: 309 | S23: =I23/Q23 -> 0.052240352
A24: P023 | B24: Facebook | C24: 45602 | D24: Video | E24: Explore the latest video on Myntra! Trendy styles await. | F24: 1606 | G24: 547 | H24: 316 | I24: =SUM(F24+G24+H24) -> 2469 | J24: =(F24+G24+H24)/K24 -> 0.076867995 | K24: 32120 | L24: 31736 | M24: 225 | N24: #MyntraSale | P24: MyntraFestiveEdit | Q24: 2932 | R24: 547 | S24: =I24/Q24 -> 0.84208731
A25: P024 | B25: Facebook | C25: 45680 | D25: Video | E25: Explore the latest video on Myntra! Trendy styles await. | F25: 3961 | G25: 761 | H25: 131 | I25: =SUM(F25+G25+H25) -> 4853 | J25: =(F25+G25+H25)/K25 -> 0.072070333 | K25: 67337 | L25: 66615 | M25: 161 | N25: #MyntraTrend | P25: EndOfSeasonSale | Q25: 15071 | R25: 514 | S25: =I25/Q25 -> 0.32200916 | W25: Row Labels | X25: Sum of Clicks | Y25: Sum of Impressions | Z25: Sum of Likes | AA25: Average of Clicks2 | AB25: Average of Impressions2 | AC25: Average of Likes2
A26: P025 | B26: Twitter | C26: 45757 | D26: Carousel | E26: Explore the latest carousel on Myntra! Trendy styles await. | F26: 3128 | G26: 211 | H26: 197 | I26: =SUM(F26+G26+H26) -> 3536 | J26: =(F26+G26+H26)/K26 -> 0.059496568 | K26: 59432 | L26: 59182 | M26: 238 | N26: #StyleWithMyntra | O26: #MyntraSale | P26: FashionUpgrade | Q26: 10740 | R26: 1845 | S26: =I26/Q26 -> 0.3292365 | W26: EndOfSeasonSale | X26: 12376 | Y26: 2886292 | Z26: 232785 | AA26: 149.10843 | AB26: 34774.602 | AC26: 2804.6386
A27: P026 | B27: YouTube | C27: 45752 | D27: Reel | E27: Explore the latest reel on Myntra! Trendy styles await. | F27: 3009 | G27: 413 | H27: 358 | I27: =SUM(F27+G27+H27) -> 3780 | J27: =(F27+G27+H27)/K27 -> 0.089730808 | K27: 42126 | L27: 41309 | M27: 211 | N27: #MyntraSale | P27: EndOfSeasonSale | Q27: 43420 | R27: -164 | S27: =I27/Q27 -> 0.087056656 | W27: FashionUpgrade | X27: 11191 | Y27: 2788367 | Z27: 212431 | AA27: 155.43056 | AB27: 38727.319 | AC27: 2950.4306
A28: P027 | B28: YouTube | C28: 45552 | D28: Text | E28: Explore the latest text on Myntra! Trendy styles await. | F28: 2076 | G28: 195 | H28: 104 | I28: =SUM(F28+G28+H28) -> 2375 | J28: =(F28+G28+H28)/K28 -> 0.071501686 | K28: 33216 | L28: 32244 | M28: 51 | N28: #MyntraTrend | P28: StyleRevolution | Q28: 32393 | R28: 429 | S28: =I28/Q28 -> 0.07331831 | W28: MyntraFestiveEdit | X28: 12464 | Y28: 2611652 | Z28: 198666 | AA28: 159.79487 | AB28: 33482.718 | AC28: 2547
A29: P028 | B29: Instagram | C29: 45720 | D29: Video | E29: Explore the latest video on Myntra! Trendy styles await. | F29: 432 | G29: 624 | H29: 123 | I29: =SUM(F29+G29+H29) -> 1179 | J29: =(F29+G29+H29)/K29 -> 0.17057292 | K29: 6912 | L29: 6259 | M29: 79 | N29: #MyntraSale | O29: #MyntraTrend | P29: EndOfSeasonSale | Q29: 28474 | R29: 160 | S29: =I29/Q29 -> 0.041406195 | W29: StyleRevolution | X29: 9335 | Y29: 2107842 | Z29: 176109 | AA29: 139.32836 | AB29: 31460.328 | AC29: 2628.4925
A30: P029 | B30: Instagram | C30: 45688 | D30: Carousel | E30: Explore the latest carousel on Myntra! Trendy styles await. | F30: 2566 | G30: 118 | H30: 37 | I30: =SUM(F30+G30+H30) -> 2721 | J30: =(F30+G30+H30)/K30 -> 0.21208106 | K30: 12830 | L30: 12264 | M30: 221 | N30: #MyntraTrend | O30: #MyntraFashion | P30: MyntraFestiveEdit | Q30: 17328 | R30: 159 | S30: =I30/Q30 -> 0.15702909 | W30: Grand Total | X30: 45366 | Y30: 10394153 | Z30: 819991 | AA30: 151.22 | AB30: 34647.177 | AC30: 2733.3033
A31: P030 | B31: Instagram | C31: 45713 | D31: Video | E31: Explore the latest video on Myntra! Trendy styles await. | F31: 3095 | G31: 39 | H31: 78 | I31: =SUM(F31+G31+H31) -> 3212 | J31: =(F31+G31+H31)/K31 -> 0.057655717 | K31: 55710 | L31: 54808 | M31: 93 | N31: #MyntraSale | P31: StyleRevolution | Q31: 26067 | R31: 961 | S31: =I31/Q31 -> 0.12322093
A32: P031 | B32: Instagram | C32: 45642 | D32: Text | E32: Explore the latest text on Myntra! Trendy styles await. | F32: 438 | G32: 153 | H32: 275 | I32: =SUM(F32+G32+H32) -> 866 | J32: =(F32+G32+H32)/K32 -> 0.28245271 | K32: 3066 | L32: 2701 | M32: 282 | N32: #MyntraTrend | P32: StyleRevolution | Q32: 32763 | R32: 1316 | S32: =I32/Q32 -> 0.026432256
A33: P032 | B33: Twitter | C33: 45504 | D33: Carousel | E33: Explore the latest carousel on Myntra! Trendy styles await. | F33: 2278 | G33: 10 | H33: 321 | I33: =SUM(F33+G33+H33) -> 2609 | J33: =(F33+G33+H33)/K33 -> 0.19088382 | K33: 13668 | L33: 12676 | M33: 275 | N33: #MyntraTrend | O33: #MyntraFashion | P33: StyleRevolution | Q33: 26452 | R33: 317 | S33: =I33/Q33 -> 0.098631483
A34: P033 | B34: Facebook | C34: 45525 | D34: Image | E34: Explore the latest image on Myntra! Trendy styles await. | F34: 1407 | G34: 400 | H34: 351 | I34: =SUM(F34+G34+H34) -> 2158 | J34: =(F34+G34+H34)/K34 -> 0.12781331 | K34: 16884 | L34: 15954 | M34: 113 | N34: #MyntraFashion | O34: #FashionDeals | P34: MyntraFestiveEdit | Q34: 15353 | R34: 541 | S34: =I34/Q34 -> 0.14055885
A35: P034 | B35: Facebook | C35: 45742 | D35: Text | E35: Explore the latest text on Myntra! Trendy styles await. | F35: 1652 | G35: 89 | H35: 357 | I35: =SUM(F35+G35+H35) -> 2098 | J35: =(F35+G35+H35)/K35 -> 0.07055421 | K35: 29736 | L35: 28771 | M35: 215 | N35: #MyntraTrend | O35: #FashionDeals | P35: EndOfSeasonSale | Q35: 4839 | R35: -318 | S35: =I35/Q35 -> 0.43356065
A36: P035 | B36: Instagram | C36: 45626 | D36: Video | E36: Explore the latest video on Myntra! Trendy styles await. | F36: 3775 | G36: 16 | H36: 239 | I36: =SUM(F36+G36+H36) -> 4030 | J36: =(F36+G36+H36)/K36 -> 0.11861663 | K36: 33975 | L36: 33310 | M36: 271 | N36: #StyleWithMyntra | O36: #MyntraSale | P36: MyntraFestiveEdit | Q36: 39272 | R36: 1495 | S36: =I36/Q36 -> 0.10261764
A37: P036 | B37: Instagram | C37: 45766 | D37: Story | E37: Explore the latest story on Myntra! Trendy styles await. | F37: 4518 | G37: 285 | H37: 383 | I37: =SUM(F37+G37+H37) -> 5186 | J37: =(F37+G37+H37)/K37 -> 0.076523535 | K37: 67770 | L37: 67621 | M37: 31 | N37: #FashionDeals | P37: EndOfSeasonSale | Q37: 16804 | R37: 475 | S37: =I37/Q37 -> 0.308617
A38: P037 | B38: Facebook | C38: 45663 | D38: Carousel | E38: Explore the latest carousel on Myntra! Trendy styles await. | F38: 3024 | G38: 925 | H38: 350 | I38: =SUM(F38+G38+H38) -> 4299 | J38: =(F38+G38+H38)/K38 -> 0.17770337 | K38: 24192 | L38: 23518 | M38: 36 | N38: #MyntraSale | P38: MyntraFestiveEdit | Q38: 49303 | R38: 352 | S38: =I38/Q38 -> 0.087195505
A39: P038 | B39: YouTube | C39: 45705 | D39: Reel | E39: Explore the latest reel on Myntra! Trendy styles await. | F39: 3138 | G39: 123 | H39: 291 | I39: =SUM(F39+G39+H39) -> 3552 | J39: =(F39+G39+H39)/K39 -> 0.12577013 | K39: 28242 | L39: 27550 | M39: 87 | N39: #FashionDeals | P39: StyleRevolution | Q39: 26455 | R39: -197 | S39: =I39/Q39 -> 0.13426573
A40: P039 | B40: Facebook | C40: 45621 | D40: Image | E40: Explore the latest image on Myntra! Trendy styles await. | F40: 3564 | G40: 629 | H40: 177 | I40: =SUM(F40+G40+H40) -> 4370 | J40: =(F40+G40+H40)/K40 -> 0.072126494 | K40: 60588 | L40: 59627 | M40: 92 | N40: #FashionDeals | O40: #MyntraSale | P40: MyntraFestiveEdit | Q40: 12384 | R40: 328 | S40: =I40/Q40 -> 0.35287468
A41: P040 | B41: Twitter | C41: 45723 | D41: Image | E41: Explore the latest image on Myntra! Trendy styles await. | F41: 4750 | G41: 151 | H41: 415 | I41: =SUM(F41+G41+H41) -> 5316 | J41: =(F41+G41+H41)/K41 -> 0.13989474 | K41: 38000 | L41: 37792 | M41: 299 | N41: #StyleWithMyntra | O41: #MyntraSale | P41: EndOfSeasonSale | Q41: 49372 | R41: 319 | S41: =I41/Q41 -> 0.10767236
A42: P041 | B42: Instagram | C42: 45724 | D42: Reel | E42: Explore the latest reel on Myntra! Trendy styles await. | F42: 456 | G42: 629 | H42: 428 | I42: =SUM(F42+G42+H42) -> 1513 | J42: =(F42+G42+H42)/K42 -> 0.18433236 | K42: 8208 | L42: 7377 | M42: 205 | N42: #MyntraSale | O42: #FashionDeals | P42: MyntraFestiveEdit | Q42: 47101 | R42: 1325 | S42: =I42/Q42 -> 0.03212246
A43: P042 | B43: YouTube | C43: 45721 | D43: Reel | E43: Explore the latest reel on Myntra! Trendy styles await. | F43: 1543 | G43: 820 | H43: 333 | I43: =SUM(F43+G43+H43) -> 2696 | J43: =(F43+G43+H43)/K43 -> 0.2184057 | K43: 12344 | L43: 11496 | M43: 241 | N43: #StyleWithMyntra | P43: MyntraFestiveEdit | Q43: 37903 | R43: 1334 | S43: =I43/Q43 -> 0.071128934
A44: P043 | B44: Instagram | C44: 45640 | D44: Carousel | E44: Explore the latest carousel on Myntra! Trendy styles await. | F44: 2174 | G44: 658 | H44: 15 | I44: =SUM(F44+G44+H44) -> 2847 | J44: =(F44+G44+H44)/K44 -> 0.21826127 | K44: 13044 | L44: 12206 | M44: 137 | N44: #MyntraSale | O44: #MyntraFashion | P44: StyleRevolution | Q44: 33258 | R44: 37 | S44: =I44/Q44 -> 0.085603464
A45: P044 | B45: Twitter | C45: 45718 | D45: Image | E45: Explore the latest image on Myntra! Trendy styles await. | F45: 2358 | G45: 784 | H45: 344 | I45: =SUM(F45+G45+H45) -> 3486 | J45: =(F45+G45+H45)/K45 -> 0.0985581 | K45: 35370 | L45: 34475 | M45: 216 | N45: #MyntraSale | O45: #StyleWithMyntra | P45: FashionUpgrade | Q45: 6915 | R45: 1032 | S45: =I45/Q45 -> 0.50412148
A46: P045 | B46: Facebook | C46: 45597 | D46: Video | E46: Explore the latest video on Myntra! Trendy styles await. | F46: 3371 | G46: 106 | H46: 327 | I46: =SUM(F46+G46+H46) -> 3804 | J46: =(F46+G46+H46)/K46 -> 0.075229902 | K46: 50565 | L46: 49816 | M46: 176 | N46: #FashionDeals | P46: StyleRevolution | Q46: 35501 | R46: 76 | S46: =I46/Q46 -> 0.10715191
A47: P046 | B47: Twitter | C47: 45779 | D47: Video | E47: Explore the latest video on Myntra! Trendy styles await. | F47: 1108 | G47: 177 | H47: 212 | I47: =SUM(F47+G47+H47) -> 1497 | J47: =(F47+G47+H47)/K47 -> 0.16888538 | K47: 8864 | L47: 8710 | M47: 97 | N47: #MyntraFashion | P47: StyleRevolution | Q47: 14203 | R47: 1058 | S47: =I47/Q47 -> 0.10540027
A48: P047 | B48: Twitter | C48: 45712 | D48: Carousel | E48: Explore the latest carousel on Myntra! Trendy styles await. | F48: 2704 | G48: 752 | H48: 153 | I48: =SUM(F48+G48+H48) -> 3609 | J48: =(F48+G48+H48)/K48 -> 0.16683617 | K48: 21632 | L48: 20792 | M48: 127 | N48: #FashionDeals | O48: #MyntraFashion | P48: FashionUpgrade | Q48: 22206 | R48: 1665 | S48: =I48/Q48 -> 0.16252364
A49: P048 | B49: Twitter | C49: 45727 | D49: Story | E49: Explore the latest story on Myntra! Trendy styles await. | F49: 1950 | G49: 295 | H49: 478 | I49: =SUM(F49+G49+H49) -> 2723 | J49: =(F49+G49+H49)/K49 -> 0.073495277 | K49: 37050 | L49: 36272 | M49: 119 | N49: #MyntraFashion | O49: #StyleWithMyntra | P49: StyleRevolution | Q49: 10283 | R49: 190 | S49: =I49/Q49 -> 0.26480599
A50: P049 | B50: Twitter | C50: 45453 | D50: Story | E50: Explore the latest story on Myntra! Trendy styles await. | F50: 2164 | G50: 549 | H50: 274 | I50: =SUM(F50+G50+H50) -> 2987 | J50: =(F50+G50+H50)/K50 -> 0.10617802 | K50: 28132 | L50: 27361 | M50: 177 | N50: #StyleWithMyntra | P50: FashionUpgrade | Q50: 24913 | R50: 1609 | S50: =I50/Q50 -> 0.11989724
A51: P050 | B51: YouTube | C51: 45476 | D51: Story | E51: Explore the latest story on Myntra! Trendy styles await. | F51: 2754 | G51: 130 | H51: 90 | I51: =SUM(F51+G51+H51) -> 2974 | J51: =(F51+G51+H51)/K51 -> 0.13498548 | K51: 22032 | L51: 21288 | M51: 112 | N51: #MyntraFashion | P51: FashionUpgrade | Q51: 26925 | R51: 37 | S51: =I51/Q51 -> 0.11045497
A52: P051 | B52: Facebook | C52: 45456 | D52: Carousel | E52: Explore the latest carousel on Myntra! Trendy styles await. | F52: 2200 | G52: 504 | H52: 239 | I52: =SUM(F52+G52+H52) -> 2943 | J52: =(F52+G52+H52)/K52 -> 0.07868984 | K52: 37400 | L52: 36938 | M52: 225 | N52: #MyntraSale | P52: MyntraFestiveEdit | Q52: 9942 | R52: 1229 | S52: =I52/Q52 -> 0.2960169
A53: P052 | B53: Facebook | C53: 45660 | D53: Image | E53: Explore the latest image on Myntra! Trendy styles await. | F53: 947 | G53: 338 | H53: 350 | I53: =SUM(F53+G53+H53) -> 1635 | J53: =(F53+G53+H53)/K53 -> 0.15695498 | K53: 10417 | L53: 9730 | M53: 34 | N53: #MyntraFashion | O53: #MyntraSale | P53: MyntraFestiveEdit | Q53: 32929 | R53: 28 | S53: =I53/Q53 -> 0.049652282
A54: P053 | B54: YouTube | C54: 45712 | D54: Carousel | E54: Explore the latest carousel on Myntra! Trendy styles await. | F54: 804 | G54: 639 | H54: 43 | I54: =SUM(F54+G54+H54) -> 1486 | J54: =(F54+G54+H54)/K54 -> 0.36965174 | K54: 4020 | L54: 3144 | M54: 11 | N54: #StyleWithMyntra | O54: #MyntraTrend | P54: StyleRevolution | Q54: 37829 | R54: 1247 | S54: =I54/Q54 -> 0.039282032 | AB54: Engagement uplift during vs. before campaigns
A55: P054 | B55: YouTube | C55: 45729 | D55: Carousel | E55: Explore the latest carousel on Myntra! Trendy styles await. | F55: 1686 | G55: 904 | H55: 472 | I55: =SUM(F55+G55+H55) -> 3062 | J55: =(F55+G55+H55)/K55 -> 0.16510299 | K55: 18546 | L55: 18171 | M55: 52 | N55: #MyntraFashion | O55: #FashionDeals | P55: EndOfSeasonSale | Q55: 24384 | R55: 1045 | S55: =I55/Q55 -> 0.12557415
A56: P055 | B56: Facebook | C56: 45460 | D56: Image | E56: Explore the latest image on Myntra! Trendy styles await. | F56: 1226 | G56: 119 | H56: 7 | I56: =SUM(F56+G56+H56) -> 1352 | J56: =(F56+G56+H56)/K56 -> 0.091897771 | K56: 14712 | L56: 14049 | M56: 123 | N56: #MyntraSale | O56: #MyntraTrend | P56: StyleRevolution | Q56: 25797 | R56: 197 | S56: =I56/Q56 -> 0.052409195
A57: P056 | B57: Facebook | C57: 45644 | D57: Carousel | E57: Explore the latest carousel on Myntra! Trendy styles await. | F57: 2946 | G57: 498 | H57: 367 | I57: =SUM(F57+G57+H57) -> 3811 | J57: =(F57+G57+H57)/K57 -> 0.12936185 | K57: 29460 | L57: 28527 | M57: 60 | N57: #StyleWithMyntra | O57: #FashionDeals | P57: EndOfSeasonSale | Q57: 12646 | R57: 333 | S57: =I57/Q57 -> 0.30136011
A58: P057 | B58: Twitter | C58: 45586 | D58: Video | E58: Explore the latest video on Myntra! Trendy styles await. | F58: 2825 | G58: 535 | H58: 295 | I58: =SUM(F58+G58+H58) -> 3655 | J58: =(F58+G58+H58)/K58 -> 0.080862832 | K58: 45200 | L58: 44739 | M58: 169 | N58: #StyleWithMyntra | P58: EndOfSeasonSale | Q58: 26663 | R58: 1572 | S58: =I58/Q58 -> 0.13708135
A59: P058 | B59: Instagram | C59: 45762 | D59: Reel | E59: Explore the latest reel on Myntra! Trendy styles await. | F59: 103 | G59: 770 | H59: 19 | I59: =SUM(F59+G59+H59) -> 892 | J59: =(F59+G59+H59)/K59 -> 0.86601942 | K59: 1030 | L59: 410 | M59: 262 | N59: #MyntraSale | P59: MyntraFestiveEdit | Q59: 40478 | R59: 1428 | S59: =I59/Q59 -> 0.022036662
A60: P059 | B60: Instagram | C60: 45465 | D60: Text | E60: Explore the latest text on Myntra! Trendy styles await. | F60: 2180 | G60: 263 | H60: 387 | I60: =SUM(F60+G60+H60) -> 2830 | J60: =(F60+G60+H60)/K60 -> 0.092726081 | K60: 30520 | L60: 30059 | M60: 174 | N60: #FashionDeals | P60: FashionUpgrade | Q60: 15476 | R60: 260 | S60: =I60/Q60 -> 0.18286379
A61: P060 | B61: Instagram | C61: 45685 | D61: Video | E61: Explore the latest video on Myntra! Trendy styles await. | F61: 904 | G61: 973 | H61: 63 | I61: =SUM(F61+G61+H61) -> 1940 | J61: =(F61+G61+H61)/K61 -> 0.16507828 | K61: 11752 | L61: 11580 | M61: 84 | N61: #StyleWithMyntra | P61: FashionUpgrade | Q61: 10217 | R61: 1100 | S61: =I61/Q61 -> 0.18987961
A62: P061 | B62: Twitter | C62: 45540 | D62: Video | E62: Explore the latest video on Myntra! Trendy styles await. | F62: 4886 | G62: 983 | H62: 409 | I62: =SUM(F62+G62+H62) -> 6278 | J62: =(F62+G62+H62)/K62 -> 0.14276618 | K62: 43974 | L62: 43239 | M62: 65 | N62: #MyntraFashion | P62: FashionUpgrade | Q62: 21939 | R62: 377 | S62: =I62/Q62 -> 0.28615707
A63: P062 | B63: Twitter | C63: 45618 | D63: Carousel | E63: Explore the latest carousel on Myntra! Trendy styles await. | F63: 53 | G63: 81 | H63: 379 | I63: =SUM(F63+G63+H63) -> 513 | J63: =(F63+G63+H63)/K63 -> 0.53773585 | K63: 954 | L63: 7 | M63: 148 | N63: #FashionDeals | P63: MyntraFestiveEdit | Q63: 47462 | R63: 98 | S63: =I63/Q63 -> 0.010808647
A64: P063 | B64: Twitter | C64: 45504 | D64: Carousel | E64: Explore the latest carousel on Myntra! Trendy styles await. | F64: 4507 | G64: 217 | H64: 13 | I64: =SUM(F64+G64+H64) -> 4737 | J64: =(F64+G64+H64)/K64 -> 0.052551586 | K64: 90140 | L64: 89591 | M64: 125 | N64: #MyntraSale | P64: FashionUpgrade | Q64: 30270 | R64: 1125 | S64: =I64/Q64 -> 0.15649158
A65: P064 | B65: Facebook | C65: 45521 | D65: Image | E65: Explore the latest image on Myntra! Trendy styles await. | F65: 2878 | G65: 248 | H65: 416 | I65: =SUM(F65+G65+H65) -> 3542 | J65: =(F65+G65+H65)/K65 -> 0.082047718 | K65: 43170 | L65: 42667 | M65: 75 | N65: #FashionDeals | O65: #MyntraTrend | P65: EndOfSeasonSale | Q65: 5442 | R65: -32 | S65: =I65/Q65 -> 0.65086365
A66: P065 | B66: Instagram | C66: 45744 | D66: Story | E66: Explore the latest story on Myntra! Trendy styles await. | F66: 1881 | G66: 501 | H66: 99 | I66: =SUM(F66+G66+H66) -> 2481 | J66: =(F66+G66+H66)/K66 -> 0.11990721 | K66: 20691 | L66: 19987 | M66: 289 | N66: #FashionDeals | P66: EndOfSeasonSale | Q66: 1083 | R66: 666 | S66: =I66/Q66 -> 2.2908587
A67: P066 | B67: Twitter | C67: 45499 | D67: Carousel | E67: Explore the latest carousel on Myntra! Trendy styles await. | F67: 432 | G67: 171 | H67: 280 | I67: =SUM(F67+G67+H67) -> 883 | J67: =(F67+G67+H67)/K67 -> 0.29199735 | K67: 3024 | L67: 2285 | M67: 184 | N67: #MyntraFashion | P67: MyntraFestiveEdit | Q67: 11901 | R67: -19 | S67: =I67/Q67 -> 0.074195446 | V67: Row Labels | W67: Sum of during campign | X67: Sum of Before campign | Y67: Sum of uplift | Z67: Average of during campign2 | AA67: Average of Before campign2 | AB67: Average of uplift2
A68: P067 | B68: Facebook | C68: 45745 | D68: Carousel | E68: Explore the latest carousel on Myntra! Trendy styles await. | F68: 4712 | G68: 568 | H68: 127 | I68: =SUM(F68+G68+H68) -> 5407 | J68: =(F68+G68+H68)/K68 -> 0.063749764 | K68: 84816 | L68: 84691 | M68: 100 | N68: #FashionDeals | P68: FashionUpgrade | Q68: 24018 | R68: 1680 | S68: =I68/Q68 -> 0.22512282 | V68: EndOfSeasonSale | W68: 20185 | X68: 18337 | Y68: 0.10077984 | Z68: 20185 | AA68: 18337 | AB68: 0.10077984
A69: P068 | B69: Instagram | C69: 45634 | D69: Story | E69: Explore the latest story on Myntra! Trendy styles await. | F69: 2610 | G69: 126 | H69: 288 | I69: =SUM(F69+G69+H69) -> 3024 | J69: =(F69+G69+H69)/K69 -> 0.19310345 | K69: 15660 | L69: 15145 | M69: 73 | N69: #MyntraFashion | P69: FashionUpgrade | Q69: 38883 | R69: 1006 | S69: =I69/Q69 -> 0.077771777 | V69: FashionUpgrade | W69: 29029 | X69: 67773 | Y69: -0.57167309 | Z69: 29029 | AA69: 67773 | AB69: -0.57167309
A70: P069 | B70: Twitter | C70: 45724 | D70: Text | E70: Explore the latest text on Myntra! Trendy styles await. | F70: 1292 | G70: 626 | H70: 496 | I70: =SUM(F70+G70+H70) -> 2414 | J70: =(F70+G70+H70)/K70 -> 0.093421053 | K70: 25840 | L70: 24916 | M70: 149 | N70: #StyleWithMyntra | O70: #MyntraTrend | P70: StyleRevolution | Q70: 30575 | R70: 1025 | S70: =I70/Q70 -> 0.078953393 | V70: MyntraFestiveEdit | W70: 25499 | X70: 95022 | Y70: -0.73165162 | Z70: 25499 | AA70: 95022 | AB70: -0.73165162
A71: P070 | B71: Facebook | C71: 45749 | D71: Video | E71: Explore the latest video on Myntra! Trendy styles await. | F71: 199 | G71: 772 | H71: 400 | I71: =SUM(F71+G71+H71) -> 1371 | J71: =(F71+G71+H71)/K71 -> 0.38274707 | K71: 3582 | L71: 2988 | M71: 43 | N71: #MyntraTrend | P71: FashionUpgrade | Q71: 2315 | R71: -179 | S71: =I71/Q71 -> 0.59222462 | V71: StyleRevolution | W71: 16716 | X71: 133833 | Y71: -0.87509807 | Z71: 16716 | AA71: 133833 | AB71: -0.87509807
A72: P071 | B72: YouTube | C72: 45537 | D72: Carousel | E72: Explore the latest carousel on Myntra! Trendy styles await. | F72: 2551 | G72: 915 | H72: 205 | I72: =SUM(F72+G72+H72) -> 3671 | J72: =(F72+G72+H72)/K72 -> 0.11992029 | K72: 30612 | L72: 30360 | M72: 227 | N72: #MyntraSale | O72: #FashionDeals | P72: EndOfSeasonSale | Q72: 12148 | R72: 599 | S72: =I72/Q72 -> 0.30218966 | V72: Grand Total | W72: 91429 | X72: 314965 | Y72: -2.0776429 | Z72: 22857.25 | AA72: 78741.25 | AB72: -0.51941073
A73: P072 | B73: YouTube | C73: 45719 | D73: Reel | E73: Explore the latest reel on Myntra! Trendy styles await. | F73: 296 | G73: 60 | H73: 141 | I73: =SUM(F73+G73+H73) -> 497 | J73: =(F73+G73+H73)/K73 -> 0.088371266 | K73: 5624 | L73: 5239 | M73: 88 | N73: #MyntraTrend | P73: StyleRevolution | Q73: 36851 | R73: 1706 | S73: =I73/Q73 -> 0.013486744
A74: P073 | B74: Facebook | C74: 45583 | D74: Story | E74: Explore the latest story on Myntra! Trendy styles await. | F74: 4126 | G74: 426 | H74: 486 | I74: =SUM(F74+G74+H74) -> 5038 | J74: =(F74+G74+H74)/K74 -> 0.064265122 | K74: 78394 | L74: 77798 | M74: 88 | N74: #MyntraFashion | P74: FashionUpgrade | Q74: 41215 | R74: 1872 | S74: =I74/Q74 -> 0.12223705
A75: P074 | B75: YouTube | C75: 45593 | D75: Reel | E75: Explore the latest reel on Myntra! Trendy styles await. | F75: 1855 | G75: 200 | H75: 174 | I75: =SUM(F75+G75+H75) -> 2229 | J75: =(F75+G75+H75)/K75 -> 0.13351303 | K75: 16695 | L75: 16330 | M75: 123 | N75: #MyntraFashion | P75: MyntraFestiveEdit | Q75: 43836 | R75: 1662 | S75: =I75/Q75 -> 0.050848618
A76: P075 | B76: Instagram | C76: 45505 | D76: Reel | E76: Explore the latest reel on Myntra! Trendy styles await. | F76: 1674 | G76: 929 | H76: 37 | I76: =SUM(F76+G76+H76) -> 2640 | J76: =(F76+G76+H76)/K76 -> 0.12131238 | K76: 21762 | L76: 20998 | M76: 255 | N76: #StyleWithMyntra | O76: #FashionDeals | P76: MyntraFestiveEdit | Q76: 4509 | R76: 107 | S76: =I76/Q76 -> 0.58549568
A77: P076 | B77: Twitter | C77: 45603 | D77: Story | E77: Explore the latest story on Myntra! Trendy styles await. | F77: 1121 | G77: 135 | H77: 18 | I77: =SUM(F77+G77+H77) -> 1274 | J77: =(F77+G77+H77)/K77 -> 0.08117752 | K77: 15694 | L77: 14957 | M77: 99 | N77: #MyntraSale | O77: #MyntraFashion | P77: StyleRevolution | Q77: 27822 | R77: 118 | S77: =I77/Q77 -> 0.045791101
A78: P077 | B78: Facebook | C78: 45720 | D78: Story | E78: Explore the latest story on Myntra! Trendy styles await. | F78: 1249 | G78: 116 | H78: 420 | I78: =SUM(F78+G78+H78) -> 1785 | J78: =(F78+G78+H78)/K78 -> 0.20416333 | K78: 8743 | L78: 8538 | M78: 63 | N78: #MyntraFashion | O78: #FashionDeals | P78: MyntraFestiveEdit | Q78: 36397 | R78: 1224 | S78: =I78/Q78 -> 0.049042504
A79: P078 | B79: Twitter | C79: 45460 | D79: Image | E79: Explore the latest image on Myntra! Trendy styles await. | F79: 954 | G79: 324 | H79: 288 | I79: =SUM(F79+G79+H79) -> 1566 | J79: =(F79+G79+H79)/K79 -> 0.082075472 | K79: 19080 | L79: 18859 | M79: 21 | N79: #MyntraTrend | P79: MyntraFestiveEdit | Q79: 7285 | R79: 285 | S79: =I79/Q79 -> 0.21496225
A80: P079 | B80: Instagram | C80: 45574 | D80: Carousel | E80: Explore the latest carousel on Myntra! Trendy styles await. | F80: 3068 | G80: 137 | H80: 329 | I80: =SUM(F80+G80+H80) -> 3534 | J80: =(F80+G80+H80)/K80 -> 0.08860696 | K80: 39884 | L80: 39404 | M80: 266 | N80: #MyntraSale | O80: #MyntraTrend | P80: MyntraFestiveEdit | Q80: 33174 | R80: -20 | S80: =I80/Q80 -> 0.10652921
A81: P080 | B81: Instagram | C81: 45456 | D81: Story | E81: Explore the latest story on Myntra! Trendy styles await. | F81: 2103 | G81: 892 | H81: 103 | I81: =SUM(F81+G81+H81) -> 3098 | J81: =(F81+G81+H81)/K81 -> 0.077533348 | K81: 39957 | L81: 39466 | M81: 28 | N81: #FashionDeals | O81: #MyntraFashion | P81: EndOfSeasonSale | Q81: 6742 | R81: 367 | S81: =I81/Q81 -> 0.45950756
A82: P081 | B82: Instagram | C82: 45584 | D82: Story | E82: Explore the latest story on Myntra! Trendy styles await. | F82: 1816 | G82: 29 | H82: 41 | I82: =SUM(F82+G82+H82) -> 1886 | J82: =(F82+G82+H82)/K82 -> 0.094413296 | K82: 19976 | L82: 19262 | M82: 283 | N82: #MyntraTrend | O82: #MyntraSale | P82: MyntraFestiveEdit | Q82: 32478 | R82: 262 | S82: =I82/Q82 -> 0.058070078
A83: P082 | B83: Instagram | C83: 45497 | D83: Image | E83: Explore the latest image on Myntra! Trendy styles await. | F83: 725 | G83: 88 | H83: 428 | I83: =SUM(F83+G83+H83) -> 1241 | J83: =(F83+G83+H83)/K83 -> 0.085586207 | K83: 14500 | L83: 13637 | M83: 200 | N83: #MyntraTrend | P83: MyntraFestiveEdit | Q83: 42824 | R83: 439 | S83: =I83/Q83 -> 0.028979077
A84: P083 | B84: YouTube | C84: 45580 | D84: Video | E84: Explore the latest video on Myntra! Trendy styles await. | F84: 1094 | G84: 472 | H84: 21 | I84: =SUM(F84+G84+H84) -> 1587 | J84: =(F84+G84+H84)/K84 -> 0.16118221 | K84: 9846 | L84: 9609 | M84: 112 | N84: #MyntraTrend | O84: #StyleWithMyntra | P84: MyntraFestiveEdit | Q84: 21208 | R84: 636 | S84: =I84/Q84 -> 0.074830253
A85: P084 | B85: Facebook | C85: 45635 | D85: Image | E85: Explore the latest image on Myntra! Trendy styles await. | F85: 1841 | G85: 851 | H85: 342 | I85: =SUM(F85+G85+H85) -> 3034 | J85: =(F85+G85+H85)/K85 -> 0.086737757 | K85: 34979 | L85: 34154 | M85: 255 | N85: #MyntraFashion | O85: #FashionDeals | P85: FashionUpgrade | Q85: 44321 | R85: 1484 | S85: =I85/Q85 -> 0.068455134
A86: P085 | B86: Instagram | C86: 45766 | D86: Image | E86: Explore the latest image on Myntra! Trendy styles await. | F86: 4177 | G86: 569 | H86: 55 | I86: =SUM(F86+G86+H86) -> 4801 | J86: =(F86+G86+H86)/K86 -> 0.19156492 | K86: 25062 | L86: 24847 | M86: 230 | N86: #MyntraFashion | P86: FashionUpgrade | Q86: 13116 | R86: 576 | S86: =I86/Q86 -> 0.36604148
A87: P086 | B87: YouTube | C87: 45684 | D87: Text | E87: Explore the latest text on Myntra! Trendy styles await. | F87: 3428 | G87: 305 | H87: 85 | I87: =SUM(F87+G87+H87) -> 3818 | J87: =(F87+G87+H87)/K87 -> 0.065515821 | K87: 58276 | L87: 58052 | M87: 242 | N87: #MyntraTrend | O87: #StyleWithMyntra | P87: MyntraFestiveEdit | Q87: 30214 | R87: 386 | S87: =I87/Q87 -> 0.12636526
A88: P087 | B88: Twitter | C88: 45449 | D88: Video | E88: Explore the latest video on Myntra! Trendy styles await. | F88: 1436 | G88: 765 | H88: 496 | I88: =SUM(F88+G88+H88) -> 2697 | J88: =(F88+G88+H88)/K88 -> 0.20868152 | K88: 12924 | L88: 12701 | M88: 197 | N88: #MyntraTrend | O88: #MyntraSale | P88: EndOfSeasonSale | Q88: 15827 | R88: 37 | S88: =I88/Q88 -> 0.170405
A89: P088 | B89: Facebook | C89: 45480 | D89: Story | E89: Explore the latest story on Myntra! Trendy styles await. | F89: 302 | G89: 47 | H89: 430 | I89: =SUM(F89+G89+H89) -> 779 | J89: =(F89+G89+H89)/K89 -> 0.13576159 | K89: 5738 | L89: 4890 | M89: 25 | N89: #MyntraFashion | O89: #MyntraSale | P89: EndOfSeasonSale | Q89: 46643 | R89: 1657 | S89: =I89/Q89 -> 0.016701327
A90: P089 | B90: Twitter | C90: 45667 | D90: Image | E90: Explore the latest image on Myntra! Trendy styles await. | F90: 2214 | G90: 249 | H90: 152 | I90: =SUM(F90+G90+H90) -> 2615 | J90: =(F90+G90+H90)/K90 -> 0.16873145 | K90: 15498 | L90: 14800 | M90: 180 | N90: #MyntraSale | P90: EndOfSeasonSale | Q90: 36484 | R90: 1397 | S90: =I90/Q90 -> 0.071675255
A91: P090 | B91: Instagram | C91: 45446 | D91: Image | E91: Explore the latest image on Myntra! Trendy styles await. | F91: 3861 | G91: 960 | H91: 101 | I91: =SUM(F91+G91+H91) -> 4922 | J91: =(F91+G91+H91)/K91 -> 0.070822182 | K91: 69498 | L91: 68817 | M91: 297 | N91: #MyntraFashion | P91: EndOfSeasonSale | Q91: 4996 | R91: 540 | S91: =I91/Q91 -> 0.98518815
A92: P091 | B92: Facebook | C92: 45740 | D92: Image | E92: Explore the latest image on Myntra! Trendy styles await. | F92: 1263 | G92: 397 | H92: 357 | I92: =SUM(F92+G92+H92) -> 2017 | J92: =(F92+G92+H92)/K92 -> 0.079849565 | K92: 25260 | L92: 24615 | M92: 137 | N92: #MyntraSale | P92: EndOfSeasonSale | Q92: 36095 | R92: 1603 | S92: =I92/Q92 -> 0.055880316
A93: P092 | B93: Twitter | C93: 45586 | D93: Story | E93: Explore the latest story on Myntra! Trendy styles await. | F93: 3801 | G93: 967 | H93: 401 | I93: =SUM(F93+G93+H93) -> 5169 | J93: =(F93+G93+H93)/K93 -> 0.13599053 | K93: 38010 | L93: 37625 | M93: 236 | N93: #StyleWithMyntra | P93: StyleRevolution | Q93: 16443 | R93: 1044 | S93: =I93/Q93 -> 0.31435869
A94: P093 | B94: Instagram | C94: 45637 | D94: Video | E94: Explore the latest video on Myntra! Trendy styles await. | F94: 1431 | G94: 951 | H94: 26 | I94: =SUM(F94+G94+H94) -> 2408 | J94: =(F94+G94+H94)/K94 -> 0.28045656 | K94: 8586 | L94: 8396 | M94: 150 | N94: #MyntraTrend | O94: #FashionDeals | P94: FashionUpgrade | Q94: 47812 | R94: 902 | S94: =I94/Q94 -> 0.050363925
A95: P094 | B95: Instagram | C95: 45603 | D95: Image | E95: Explore the latest image on Myntra! Trendy styles await. | F95: 2647 | G95: 304 | H95: 170 | I95: =SUM(F95+G95+H95) -> 3121 | J95: =(F95+G95+H95)/K95 -> 0.16843866 | K95: 18529 | L95: 17841 | M95: 46 | N95: #StyleWithMyntra | P95: EndOfSeasonSale | Q95: 38452 | R95: -106 | S95: =I95/Q95 -> 0.081166129
A96: P095 | B96: Instagram | C96: 45604 | D96: Text | E96: Explore the latest text on Myntra! Trendy styles await. | F96: 3182 | G96: 559 | H96: 160 | I96: =SUM(F96+G96+H96) -> 3901 | J96: =(F96+G96+H96)/K96 -> 0.068108806 | K96: 57276 | L96: 56890 | M96: 163 | N96: #StyleWithMyntra | O96: #MyntraTrend | P96: EndOfSeasonSale | Q96: 30428 | R96: 1150 | S96: =I96/Q96 -> 0.12820429
A97: P096 | B97: Twitter | C97: 45545 | D97: Image | E97: Explore the latest image on Myntra! Trendy styles await. | F97: 1238 | G97: 366 | H97: 444 | I97: =SUM(F97+G97+H97) -> 2048 | J97: =(F97+G97+H97)/K97 -> 0.10339257 | K97: 19808 | L97: 19334 | M97: 123 | N97: #FashionDeals | P97: MyntraFestiveEdit | Q97: 9269 | R97: 349 | S97: =I97/Q97 -> 0.22095156
A98: P097 | B98: Instagram | C98: 45517 | D98: Image | E98: Explore the latest image on Myntra! Trendy styles await. | F98: 4739 | G98: 527 | H98: 135 | I98: =SUM(F98+G98+H98) -> 5401 | J98: =(F98+G98+H98)/K98 -> 0.087668609 | K98: 61607 | L98: 61333 | M98: 36 | N98: #StyleWithMyntra | O98: #MyntraSale | P98: EndOfSeasonSale | Q98: 29533 | R98: -49 | S98: =I98/Q98 -> 0.18288017 | Y98: Which campaign had the highest ROI
A99: P098 | B99: Twitter | C99: 45453 | D99: Story | E99: Explore the latest story on Myntra! Trendy styles await. | F99: 1575 | G99: 771 | H99: 486 | I99: =SUM(F99+G99+H99) -> 2832 | J99: =(F99+G99+H99)/K99 -> 0.11238095 | K99: 25200 | L99: 24826 | M99: 17 | N99: #StyleWithMyntra | P99: MyntraFestiveEdit | Q99: 39997 | R99: 72 | S99: =I99/Q99 -> 0.07080531
A100: P099 | B100: YouTube | C100: 45475 | D100: Carousel | E100: Explore the latest carousel on Myntra! Trendy styles await. | F100: 4171 | G100: 548 | H100: 86 | I100: =SUM(F100+G100+H100) -> 4805 | J100: =(F100+G100+H100)/K100 -> 0.07200012 | K100: 66736 | L100: 66634 | M100: 173 | N100: #StyleWithMyntra | P100: MyntraFestiveEdit | Q100: 5391 | R100: 445 | S100: =I100/Q100 -> 0.89130032
...

Sheet Engagment Summary
A1: Week_Start_Date | B1: Platform | C1: New_Followers | D1: Unfollows | E1: Net_Growth | F1: growth rate | G1: Total_Followers | H1: Engagement_Rate | I1: Ad_Spend | J1: =Post!I1 -> Engagement
A2: 45446 | B2: Instagram | C2: 1135 | D2: 88 | E2: =C2-D2 -> 1047 | F2: =(C2-D2)/(G2-(C2-D2)) -> 0.0030521489 | G2: 344084 | H2: 8.06 | I2: 5904 | J2: =Post!I2 -> 1989
A3: 45446 | B3: Facebook | C3: 1312 | D3: 310 | E3: =C3-D3 -> 1002 | F3: =(C3-D3)/(G3-(C3-D3)) -> 0.024056468 | G3: 42654 | H3: 4.98 | I3: 9566 | J3: =Post!I3 -> 4936
A4: 45446 | B4: Twitter | C4: 584 | D4: 169 | E4: =C4-D4 -> 415 | F4: =(C4-D4)/(G4-(C4-D4)) -> 0.0028343316 | G4: 146834 | H4: 8.31 | I4: 26752 | J4: =Post!I4 -> 2949
A5: 45446 | B5: YouTube | C5: 1535 | D5: 445 | E5: =C5-D5 -> 1090 | F5: =(C5-D5)/(G5-(C5-D5)) -> 0.0027633694 | G5: 395536 | H5: 4.11 | I5: 30671 | J5: =Post!I5 -> 2905
A6: 45453 | B6: Instagram | C6: 656 | D6: 139 | E6: =C6-D6 -> 517 | F6: =(C6-D6)/(G6-(C6-D6)) -> 0.010629112 | G6: 49157 | H6: 9.05 | I6: 9920 | J6: =Post!I6 -> 4668
A7: 45453 | B7: Facebook | C7: 1697 | D7: 414 | E7: =C7-D7 -> 1283 | F7: =(C7-D7)/(G7-(C7-D7)) -> 0.0040695019 | G7: 316555 | H7: 2.37 | I7: 7924 | J7: =Post!I7 -> 4230
A8: 45453 | B8: Twitter | C8: 436 | D8: 250 | E8: =C8-D8 -> 186 | F8: =(C8-D8)/(G8-(C8-D8)) -> 0.00073181959 | G8: 254347 | H8: 4.01 | I8: 8912 | J8: =Post!I8 -> 4340
A9: 45453 | B9: YouTube | C9: 1197 | D9: 203 | E9: =C9-D9 -> 994 | F9: =(C9-D9)/(G9-(C9-D9)) -> 0.0024074558 | G9: 413878 | H9: 3.16 | I9: 21205 | J9: =Post!I9 -> 4469
A10: 45460 | B10: Instagram | C10: 1048 | D10: 155 | E10: =C10-D10 -> 893 | F10: =(C10-D10)/(G10-(C10-D10)) -> 0.0019581057 | G10: 456946 | H10: 2.46 | I10: 11329 | J10: =Post!I10 -> 4996
A11: 45460 | B11: Facebook | C11: 1753 | D11: 371 | E11: =C11-D11 -> 1382 | F11: =(C11-D11)/(G11-(C11-D11)) -> 0.0082206122 | G11: 169496 | H11: 8.11 | I11: 46670 | J11: =Post!I11 -> 5190
A12: 45460 | B12: Twitter | C12: 1335 | D12: 40 | E12: =C12-D12 -> 1295 | F12: =(C12-D12)/(G12-(C12-D12)) -> 0.010663966 | G12: 122732 | H12: 8.19 | I12: 22482 | J12: =Post!I12 -> 2903
A13: 45460 | B13: YouTube | C13: 403 | D13: 66 | E13: =C13-D13 -> 337 | F13: =(C13-D13)/(G13-(C13-D13)) -> 0.00088101351 | G13: 382851 | H13: 3.49 | I13: 24313 | J13: =Post!I13 -> 3009
... A201: 45789 | B201: YouTube | C201: 119 | D201: 456 | E201: =C201-D201 -> -337 | F201: =(C201-D201)/(G201-(C201-D201)) -> -0.0040653839 | G201: 82558 | H201: 6.81 | I201: 12174 | J201: =Post!I201 -> 4413
